surname,nationality
Веденеев,ru
Ведениктов,ru
Веденин,ru
Веденисов,ru
Веденичев,ru
Веденкин,ru
Ведентьев,ru
Веденькин,ru
Веденялин,ru
Веденяпин,ru
Ведерников,ru
Ведехин,ru
Ведехов,ru
Ведешкин,ru
Ведин,ru
Ведихов,ru
Ведищев,ru
Ведмедь,ru
Ведяев,ru
Ведяшкин,ru
Вежин,ru
Вежливцев,ru
Векшегонов,ru
Векшин,ru
Векшинский,ru
Велесевич,ru
Велехов,ru
Великанов,ru
Великголова,ru
Великий,ru
Великобородов,ru
Великов,ru
Великович,ru
Великород,ru
Великосельский,ru
Велисевич,ru
Велихов,ru
Величко,ru
Велосипедов,ru
Велтистов,ru
Велтищев,ru
Вельмукин,ru
Вельский,ru
Вельтистов,ru
Вельтищев,ru
Вельяминов,ru
Вельяшев,ru
Велюгин,ru
Велюшин,ru
Веляшев,ru
Венгеров,ru
Венгерский,ru
Венгров,ru
Веневитинов,ru
Веневцев,ru
Венедиктов,ru
Венерин,ru
Венецианов,ru
Венчаков,ru
Веньгин,ru
Веньчаков,ru
Веньяминов,ru
Вепрев,ru
Веприков,ru
Вепринцев,ru
Вепрюшкин,ru
Верба,ru
Вербин,ru
Вербицкий,ru
Верболозов,ru
Вергазов,ru
Вергасов,ru
Вергизов,ru
Вердеревский,ru
Веревкин,ru
Вережников,ru
Вереитинов,ru
Вереичев,ru
Верекундов,ru
Веремеев,ru
Веремейчик,ru
Верес,ru
Вересаев,ru
Вересов,ru
Вересоцкий,ru
Веретельников,ru
Веретенников,ru
Веретин,ru
Верецкий,ru
Верещагин,ru
Верещака,ru
Верещако,ru
Вержбицкий,ru
Верзеин,ru
Верзилин,ru
Верзилов,ru
Веригин,ru
Верижников,ru
Верин,ru
Верлооченко,ru
Вернадский,ru
Вернигора,ru
Вернигоров,ru
Верочкин,ru
Верстовский,ru
Вертипорох,ru
Вертоградов,ru
Вертоградский,ru
Вертыпорох,ru
Верховинин,ru
Верховитинов,ru
Верховский,ru
Верховской,ru
Верховцев,ru
Верхоланцев,ru
Верхотуров,ru
Верхотурцев,ru
Верхратский,ru
Верчагин,ru
Верчидуб,ru
Вершигора,ru
Вершило,ru
Вершинин,ru
Вершков,ru
Верьянов,ru
Веселов,ru
Веселовсий,ru
Веселых,ru
Веслов,ru
Веснин,ru
Веснов,ru
Ветер,ru
Веткин,ru
Ветлицкий,ru
Ветлугин,ru
Ветошкин,ru
Ветошников,ru
Ветринский,ru
Ветров,ru
Ветчинин,ru
Ветчинкин,ru
Ветютнев,ru
Вечеслов,ru
Вечканов,ru
Вешняков,ru
Вавилин,ru
Вавилов,ru
Вага,ru
Ваганков,ru
Ваганов,ru
Ваганьков,ru
Вагапов,ru
Вагин,ru
Вагрин,ru
Вадбальский,ru
Вадбольский,ru
Вадимов,ru
Вадьяев,ru
Важенин,ru
Важин,ru
Вайванцев,ru
Вайгачев,ru
Вайтович,ru
Вакорев,ru
Вакорин,ru
Вакуленко,ru
Вакулин,ru
Вакулов,ru
Валахов,ru
Валдавин,ru
Валеев,ru
Валентинов,ru
Валенцов,ru
Валерианов,ru
Валерьев,ru
Валерьянов,ru
Валиев,ru
Валиков,ru
Валин,ru
Валковский,ru
Валов,ru
Валуев,ru
Валухов,ru
Валькевич,ru
Вальков,ru
Вальцев,ru
Вальцов,ru
Вальчук,ru
Валюкевич,ru
Вандышев,ru
Ванеев,ru
Ванехин,ru
Ванечкин,ru
Ванин,ru
Ванифатьев,ru
Ваничев,ru
Ваничкин,ru
Ваничков,ru
Ванкеев,ru
Ванков,ru
Ванников,ru
Ванслов,ru
Ванцов,ru
Ванчаков,ru
Ванчиков,ru
Ванчурин,ru
Ваншенкин,ru
Ванькин,ru
Ваньков,ru
Ваньтяев,ru
Ваньшев,ru
Ваньшин,ru
Ванюков,ru
Ванютин,ru
Ванюхин,ru
Ванюшечкин,ru
Ванюшин,ru
Ванюшкин,ru
Ванявин,ru
Ванявкин,ru
Ванягин,ru
Ванякин,ru
Ваняркин,ru
Ванятин,ru
Ваняшин,ru
Ваняшкин,ru
Варакин,ru
Варакосов,ru
Вараксин,ru
Варапанов,ru
Варахобин,ru
Варахобов,ru
Варачев,ru
Варварин,ru
Варваринский,ru
Варваркин,ru
Варваров,ru
Варвашеня,ru
Варвулев,ru
Варганов,ru
Варгасов,ru
Варгин,ru
Вардин,ru
Вареников,ru
Вареничев,ru
Варенников,ru
Варенуха,ru
Варенцов,ru
Варзин,ru
Варзугин,ru
Варибрус,ru
Варивода,ru
Варик,ru
Варищев,ru
Варлаков,ru
Варламов,ru
Варлахин,ru
Варлашин,ru
Варлашкин,ru
Варлов,ru
Варлыгин,ru
Варнавин,ru
Варнаков,ru
Варначев,ru
Варухин,ru
Варфаламеев,ru
Варфаломеев,ru
Варфоламеев,ru
Варфоломеев,ru
Варфоломейчук,ru
Варченко,ru
Варшавер,ru
Варшавский,ru
Варшавчик,ru
Варшавщик,ru
Варюха,ru
Варюхин,ru
Варюшин,ru
Васейкин,ru
Васенев,ru
Васенин,ru
Васенкин,ru
Васенков,ru
Васенцов,ru
Васенькин,ru
Васечкин,ru
Васечко,ru
Васик,ru
Василев,ru
Василевич,ru
Василевский,ru
Василенко,ru
Василенков,ru
Василёнок,ru
Василеха,ru
Василец,ru
Василечко,ru
Василинчук,ru
Василисин,ru
Василисов,ru
Василичев,ru
Василишин,ru
Василищев,ru
Василов,ru
Васильев,ru
Васильевых,ru
Васильков,ru
Васильковский,ru
Васильцев,ru
Васильцов,ru
Васильченко,ru
Васильченов,ru
Васильчиков,ru
Васильчук,ru
Василюк,ru
Васин,ru
Васинский,ru
Васинцев,ru
Васичев,ru
Васищев,ru
Васкин,ru
Васков,ru
Васляев,ru
Васнев,ru
Васненко,ru
Васнецов,ru
Васынев,ru
Васькин,ru
Васько,ru
Васьков,ru
Васькович,ru
Васьянов,ru
Васюкин,ru
Васюков,ru
Васюнин,ru
Васюничев,ru
Васюнкин,ru
Васюта,ru
Васютин,ru
Васютинский,ru
Васютичев,ru
Васюткин,ru
Васюточкин,ru
Васютчев,ru
Васюхин,ru
Васюхичев,ru
Васюхнов,ru
Васюченко,ru
Васючков,ru
Васюшин,ru
Васюшкин,ru
Васягин,ru
Васяев,ru
Васякин,ru
Васянин,ru
Васянович,ru
Васяшин,ru
Ватагин,ru
Ватин,ru
Ватолин,ru
Ваторопин,ru
Ватутин,ru
Ваулин,ru
Ваулиных,ru
Вахламкин,ru
Вахлов,ru
Вахламкин,ru
Вахлов,ru
Вахменин,ru
Вахмистров,ru
Вахнев,ru
Вахнин,ru
Вахно,ru
Вахов,ru
Вахонин,ru
Вахрамеев,ru
Вахромеев,ru
Вахромцев,ru
Вахрушев,ru
Вахрушин,ru
Вахрушкин,ru
Вахрушков,ru
Вашенцев,ru
Вашин,ru
Вашурин,ru
Вашуркин,ru
Вашутин,ru
Ващенко,ru
Шабалдин,ru
Шабалин,ru
Шабалкин,ru
Шабанов,ru
Шабаршин,ru
Шабашев,ru
Шабашкин,ru
Шабашов,ru
Шабельников,ru
Шабельянов,ru
Шабров,ru
Шабунин,ru
Шабунов,ru
Шабуров,ru
Шавельский,ru
Шаверин,ru
Шавин,ru
Шавитов,ru
Шавкалов,ru
Шавкунин,ru
Шавкунов,ru
Шавкута,ru
Шавкутин,ru
Шаврин,ru
Шавров,ru
Шавруков,ru
Шавырев,ru
Шавырин,ru
Шагаев,ru
Шагал,ru
Шагалов,ru
Шагалович,ru
Шагин,ru
Шагловитов,ru
Шадрин,ru
Шадринцев,ru
Шадрунов,ru
Шайкин,ru
Шакловитов,ru
Шакловитый,ru
Шакшин,ru
Шалабаев,ru
Шалавин,ru
Шалагин,ru
Шалаев,ru
Шаламов,ru
Шалгачев,ru
Шалгунников,ru
Шалгунов,ru
Шалимов,ru
Шаломатов,ru
Шаломытов,ru
Шалухин,ru
Шалыганов,ru
Шалыгин,ru
Шальнов,ru
Шаляпин,ru
Шамардин,ru
Шамбуров,ru
Шамин,ru
Шамов,ru
Шамонин,ru
Шамсев,ru
Шамсутдинов,ru
Шамшев,ru
Шамшин,ru
Шамшурин,ru
Шамынин,ru
Шангин,ru
Шандыба,ru
Шандыбин,ru
Шанин,ru
Шанский,ru
Шаньгин,ru
Шанявин,ru
Шанявский,ru
Шаперин,ru
Шапира,ru
Шапиркин,ru
Шапиро,ru
Шапиров,ru
Шапкин,ru
Шаповал,ru
Шаповалов,ru
Шапорин,ru
Шапочников,ru
Шапошников,ru
Шапчихин,ru
Шараборин,ru
Шарагин,ru
Шараев,ru
Шарамыгин,ru
Шарапов,ru
Шарафеев,ru
Шарафутдинов,ru
Шарахов,ru
Шарашов,ru
Шардин,ru
Шариков,ru
Шарков,ru
Шарнин,ru
Шаров,ru
Шароватов,ru
Шароватый,ru
Шароглазов,ru
Шаронин,ru
Шаронов,ru
Шарохин,ru
Шаршавин,ru
Шаршавый,ru
Шарыпов,ru
Шастинский,ru
Шастов,ru
Шастунов,ru
Шатагин,ru
Шаталин,ru
Шаталкин,ru
Шаталов,ru
Шатерников,ru
Шатилин,ru
Шатило,ru
Шатилов,ru
Шатиль,ru
Шатихин,ru
Шатнев,ru
Шатнов,ru
Шатный,ru
Шатных,ru
Шатов,ru
Шатоха,ru
Шатохин,ru
Шатров,ru
Шатский,ru
Шатунин,ru
Шатунов,ru
Шатух,ru
Шатухин,ru
Шафиров,ru
Шахматов,ru
Шахметов,ru
Шахнюк,ru
Шахов,ru
Шаховский,ru
Шаховской,ru
Шацкий,ru
Шашин,ru
Шашкин,ru
Шашков,ru
Маврин,ru
Мавринский,ru
Мавроди,ru
Мавродиев,ru
Мавродий,ru
Мавродин,ru
Маврыкин,ru
Маврычев,ru
Магеркин,ru
Магеря,ru
Магнитский,ru
Магницкий,ru
Магомедбеков,ru
Магомедов,ru
Магомедрасулов,ru
Магоня,ru
Магура,ru
Магуренко,ru
Мадаев,ru
Мадьяров,ru
Мажаров,ru
Мазанов,ru
Мазаньков,ru
Мазиков,ru
Мазилкин,ru
Мазилов,ru
Мазин,ru
Мазицын,ru
Мазко,ru
Мазнев,ru
Мазняк,ru
Мазовецкий,ru
Мазунин,ru
Мазур,ru
Мазурев,ru
Мазуренко,ru
Мазурин,ru
Мазуркевич,ru
Мазуров,ru
Мазурук,ru
Мазыра,ru
Мазырин,ru
Майданников,ru
Майданов,ru
Майданский,ru
Майко,ru
Майков,ru
Майор,ru
Майоров,ru
Майоровский,ru
Макавеев,ru
Макавейский,ru
Макагон,ru
Макагонов,ru
Маканьковский,ru
Макар,ru
Макарев,ru
Макаревич,ru
Макаренко,ru
Макаренков,ru
Макаренцев,ru
Макарин,ru
Макаринцев,ru
Макаркин,ru
Макаров,ru
Макаровский,ru
Макарочкин,ru
Макаруха,ru
Макарушкин,ru
Макарчик,ru
Макарчук,ru
Макаршин,ru
Макарычев,ru
Макарь,ru
Макарьев,ru
Макашин,ru
Макашов,ru
Македонский,ru
Макеев,ru
Макеин,ru
Макейкин,ru
Макиев,ru
Макин,ru
Макковеев,ru
Маклак,ru
Маклаков,ru
Маклюк,ru
Маклюков,ru
Макляк,ru
Маковеев,ru
Маковецкий,ru
Маковский,ru
Маковчук,ru
Макогон,ru
Макогоненко,ru
Макогонов,ru
Макоедов,ru
Макроусов,ru
Макрушин,ru
Максаков,ru
Максаковский,ru
Максарев,ru
Максаров,ru
Максеев,ru
Максемьюк,ru
Максименко,ru
Максимец,ru
Максимишин,ru
Максимов,ru
Максимович,ru
Максимовский,ru
Максимчук,ru
Максимычев,ru
Максимюк,ru
Малахов,ru
Малолетов,ru
Малышев,ru
Малышкин,ru
Мальцев,ru
Малюхов,ru
Малюченко,ru
Малявин,ru
Малявкин,ru
Малявко,ru
Малягин,ru
Маляев,ru
Маляренко,ru
Маляров,ru
Маляшев,ru
Мамаев,ru
Мамай,ru
Мамашев,ru
Мамедбеков,ru
Мамедгасанов,ru
Мамедияров,ru
Мамедов,ru
Мамин,ru
Мамичев,ru
Мамкин,ru
Мамонин,ru
Мамонов,ru
Мамонт,ru
Мамонтов,ru
Мамотов,ru
Мамошин,ru
Мамулат,ru
Мамушкин,ru
Мамченко,ru
Мамченков,ru
Мамчиц,ru
Мамчук,ru
Мамыкин,ru
Манаков,ru
Манаковский,ru
Мананков,ru
Мананников,ru
Манастырный,ru
Мандрыгин,ru
Мандрык,ru
Мандрыкин,ru
Манеркин,ru
Манеров,ru
Манжурцев,ru
Манзуров,ru
Манилов,ru
Манин,ru
Манихин,ru
Манишин,ru
Манкошев,ru
Манойленко,ru
Манойлов,ru
Манохин,ru
Маношин,ru
Мансуров,ru
Мантуров,ru
Мануилов,ru
Мануйленко,ru
Мануйло,ru
Мануйлов,ru
Мануха,ru
Манухин,ru
Манухов,ru
Манушин,ru
Манылин,ru
Манькин,ru
Манько,ru
Маньков,ru
Манюнин,ru
Манюрин,ru
Маняшин,ru
Маракуша,ru
Марамыгин,ru
Марамырин,ru
Марасакин,ru
Мардарь,ru
Марев,ru
Мареев,ru
Мареичев,ru
Маренин,ru
Маренко,ru
Маренков,ru
Маренюк,ru
Маресев,ru
Маресьев,ru
Марецкий,ru
Мариков,ru
Марилов,ru
Марин,ru
Мариневич,ru
Мариненко,ru
Маринеску,ru
Маринец,ru
Мариниенко,ru
Маринин,ru
Маринич,ru
Мариничев,ru
Маринкин,ru
Маринов,ru
Маринцев,ru
Маринченко,ru
Маринчук,ru
Мариняк,ru
Маришин,ru
Мариюшкин,ru
Маркачев,ru
Маркевич,ru
Маркеев,ru
Маркелкин,ru
Маркелов,ru
Маркехин,ru
Маркешин,ru
Маркив,ru
Марков,ru
Марковников,ru
Марковский,ru
Марковских,ru
Маркосов,ru
Маркуль,ru
Маркунин,ru
Маркухин,ru
Маркуц,ru
Маркуша,ru
Маркушкин,ru
Маркцев,ru
Маров,ru
Мартемьянов,ru
Мартин,ru
Мартинин,ru
Мартинович,ru
Мартишин,ru
Мартусов,ru
Мартушев,ru
Мартыненко,ru
Мартынихин,ru
Мартынкин,ru
Мартынов,ru
Мартынчев,ru
Мартынченко,ru
Мартынчик,ru
Мартынюк,ru
Мартысюк,ru
Мартыч,ru
Мартышев,ru
Мартышкин,ru
Мартышков,ru
Мартьянов,ru
Мартьянычев,ru
Мартюгин,ru
Мартюнин,ru
Мартючков,ru
Мартюшев,ru
Мартюшин,ru
Мартюшов,ru
Мартяничев,ru
Марунин,ru
Марусев,ru
Марусин,ru
Марусич,ru
Марусов,ru
Марухин,ru
Марушин,ru
Марушка,ru
Марушкевич,ru
Марущак,ru
Марущенко,ru
Марфенин,ru
Марфенькин,ru
Марфин,ru
Марфицын,ru
Марфич,ru
Марфичев,ru
Марфунин,ru
Марфутенко,ru
Марфутин,ru
Марфухин,ru
Марфушин,ru
Марцев,ru
Марченков,ru
Марчик,ru
Марчук,ru
Маршак,ru
Маршаков,ru
Марынчук,ru
Марычев,ru
Марышев,ru
Марьенков,ru
Марьюшкин,ru
Марьямов,ru
Марьянов,ru
Марьяшкин,ru
Марюшин,ru
Марягин,ru
Масалитинов,ru
Маслаков,ru
Маслеников,ru
Масленников,ru
Масленцов,ru
Маслов,ru
Масловский,ru
Масляк,ru
Масляков,ru
Мастерков,ru
Павда,ru
Павелев,ru
Павельев,ru
Павенко,ru
Павин,ru
Павкин,ru
Павлеев,ru
Павленко,ru
Павленков,ru
Павленов,ru
Павленок,ru
Павлик,ru
Павликов,ru
Павлинин,ru
Павлинов,ru
Павлис,ru
Павлихин,ru
Павлишинцев,ru
Павлищев,ru
Павлов,ru
Павлович,ru
Павловский,ru
Павловцев,ru
Павлоградский,ru
Павлухин,ru
Павлухов,ru
Павлуцкий,ru
Павлушин,ru
Павлушкин,ru
Павлушков,ru
Павлыгин,ru
Павлык,ru
Павлычев,ru
Павлычин,ru
Павлюк,ru
Павлюкевич,ru
Павлюков,ru
Павлюковец,ru
Павлюхин,ru
Павлюченко,ru
Павлюченков,ru
Павлючиков,ru
Павлючко,ru
Павлюшенко,ru
Павлющенко,ru
Павсикаев,ru
Павушков,ru
Павшин,ru
Падалка,ru
Падалко,ru
Падарин,ru
Падва,ru
Падерин,ru
Падорин,ru
Падышев,ru
Пажитнов,ru
Пакин,ru
Пакулев,ru
Пакулин,ru
Пакулов,ru
Пакшин,ru
Палагин,ru
Палагнюк,ru
Палагутин,ru
Палагушин,ru
Палагушкин,ru
Паламарчук,ru
Паламонов,ru
Палашин,ru
Палашов,ru
Палеев,ru
Палей,ru
Палемонов,ru
Паленов,ru
Палечек,ru
Паливода,ru
Паливодов,ru
Палий,ru
Палимпсестов,ru
Палин,ru
Палинов,ru
Паличев,ru
Палкин,ru
Палладин,ru
Палухин,ru
Палывода,ru
Пальгин,ru
Пальгов,ru
Пальгуев,ru
Пальгунов,ru
Пальковский,ru
Пальмин,ru
Пальмов,ru
Пальцев,ru
Пальчевский,ru
Пальчиков,ru
Памфилов,ru
Панаев,ru
Панарин,ru
Панасенко,ru
Панасов,ru
Панасович,ru
Панасюк,ru
Панафидин,ru
Паненко,ru
Панибудьласка,ru
Паникаров,ru
Панин,ru
Панихин,ru
Паничев,ru
Паничкин,ru
Панищев,ru
Панкеев,ru
Панкин,ru
Панков,ru
Панкратов,ru
Панкратьев,ru
Панкрахин,ru
Панкрашев,ru
Панкрашин,ru
Панкрашкин,ru
Панкрашов,ru
Панкрухин,ru
Панкрушин,ru
Панов,ru
Пантелеев,ru
Пантелеенко,ru
Пантелейкин,ru
Пантелеймонов,ru
Пантелькин,ru
Пантелюхин,ru
Пантелюшин,ru
Пантеровский,ru
Пантин,ru
Пантюхин,ru
Пантюхов,ru
Пантюшин,ru
Пантюшкин,ru
Панферов,ru
Миролюбов,ru
Абовян,ar
Абраамян,ar
Абрамян,ar
Авакян,ar
Авакянц,ar
Аветисян,ar
Аветян,ar
Агабалян,ar
Агабекян,ar
Аганбегян,ar
Адабашьян,ar
Айвазян,ar
Айрапетян,ar
Акопджанян,ar
Акопян,ar
Алавердян,ar
Аладжян,ar
Алексанян,ar
Алиханян,ar
Аматуни,ar
Амбарцумян,ar
Ананян,ar
Андреасян,ar
Анесоглян,ar
Аракелян,ar
Араркцян,ar
Ареян,ar
Арзуманян,ar
Аронян,ar
Ароян,ar
Арустамян,ar
Арутюнян,ar
Арушанян,ar
Асадьян,ar
Асадьянц,ar
Асланян,ar
Аслоян,ar
Казарян,ar
Калайджян,ar
Карамян,ar
Карапетян,ar
Кардашьян,ar
Кардашян,ar
Каринян,ar
Касьян,ar
Кещян,ar
Кивирян,ar
Корян,ar
Костанян,ar
Кочарян,ar
Кочинян,ar
Крикорян,ar
Кургинян,ar
Маилян,ar
Мамиконян,ar
Мандалян,ar
Манукян,ar
Манукянц,ar
Маргарян,ar
Маркарьянц,ar
Мартикян,ar
Мартиросян,ar
Марутян,ar
Матевосян,ar
Меликян,ar
Мелкумян,ar
Микоян,ar
Мирзоян,ar
Мкртчян,ar
Мнацаканян,ar
Кабаджян,ar
Кавеян,ar
Кавитян,ar
Казарян,ar
Каликян,ar
Калиян,ar
Калоян,ar
Калпакчян,ar
Камалян,ar
Камарян,ar
Каминян,ar
Камовян,ar
Канакян,ar
Кандалян,ar
Кандарян,ar
Капутикян,ar
Карагян,ar
Карамян,ar
Каранян,ar
Карапетян,ar
Каринян,ar
Качаковян,ar
Келинджян,ar
Кикосян,ar
Киракосян,ar
Киритян,ar
Киркоян,ar
Кокандян,ar
Кокиян,ar
Коноян,ar
Котакян,ar
Котоян,ar
Кочарян,ar
Кочинян,ar
Кудоян,ar
Кузумян,ar
Куликян,ar
Кулишян,ar
Кулунджукян,ar
Кумарян,ar
Кутоян,ar
Кушерян,ar
Кушманян,ar
Абеляр,fr
Ален,fr
Арно,fr
Бальзак,fr
Бенишу,fr
Беранже,fr
Берлиоз,fr
Бернар,fr
Берри,fr
Бертран,fr
Бертье,fr
Бессон,fr
Бинош,fr
Бонапарт,fr
Борель,fr
Боренже,fr
Боррель,fr
Бос,fr
Валлен-Деламот,fr
Галлимар,fr
Генсбур,fr
Го,fr
Гондон,fr
Гюлен,fr
Дайан,fr
ДеГолль,fr
ДеКоло,fr
ДеКюстин,fr
Дега,fr
Делон,fr
Делоне,fr
Депардье,fr
Дидион,fr
Дидро,fr
Дирак,fr
Дрю,fr
Дюпонтель,fr
Дюссолье,fr
Жером,fr
Жид,fr
Жирардо,fr
Идальго,fr
Камю,fr
Кане,fr
Карно,fr
Каррьер,fr
Кассегрен,fr
Кастекс,fr
Кокто,fr
Конте,fr
Копе,fr
Кориолис,fr
Косельни,fr
Костье,fr
Котийяр,fr
Кулон,fr
Кюстин,fr
Лавуазье,fr
Лагард,fr
Лагранж,fr
Лансере,fr
Лаперуз,fr
Ларами,fr
Ларошфуко,fr
Лафарг,fr
Лежандр,fr
Лелуш,fr
Лелюш,fr
Лемар,fr
Лестьенн,fr
Лорье,fr
Ма,fr
Мажимель,fr
Макрон,fr
Мане,fr
Маре,fr
Меланшон,fr
Миссир,fr
Миттеран,fr
Моне,fr
Мопассан,fr
Моретт,fr
Моро,fr
Мэр,fr
Не,fr
Озон,fr
Олланд,fr
Ош,fr
Пиноше,fr
Померло,fr
Прево,fr
Пуанкаре,fr
Пэн,fr
Пюэль,fr
Рабьо,fr
Ришар,fr
Рокар,fr
Ру,fr
Сартр,fr
Сенье,fr
Сьямма,fr
Ташро,fr
Торез,fr
Трюдо,fr
Ферма,fr
Фийон,fr
Фонтанель,fr
Фуко,fr
Фурье,fr
Шаброль,fr
Шаламе,fr
Шеро,fr
Ширак,fr
Ю,fr
Юг,fr
Маноду,fr
Манюэль,fr
Мартен,fr
Мартинес,fr
Маре,fr
Марен,fr
Мармонтель,fr
Марсо,fr
Мартини,fr
Маруани,fr
Маршаль,fr
Маршан,fr
Массар,fr
Матиа,fr
Мегре,fr
Менье,fr
Мерлен,fr
Меро,fr
Мерсье,fr
Мерьель,fr
Мессаже,fr
Мессиан,fr
Мийо,fr
Мишель,fr
Моно,fr
Монсиньи,fr
Монтандон,fr
Монти,fr
Монселе,fr
Морель,fr
Мориа,fr
Моро,fr
Мосс,fr
Муке,fr
Мюссон,fr
Мюрай,fr
Мюссон,fr
Маноду,fr
Мартен,fr
Морель,fr
Маре,fr
Марен,fr
Мармонтель,fr
Марсо,fr
Мартини,fr
Маруани,fr
Маршаль,fr
Маршан,fr
Матиа,fr
Мерлен,fr
Меро,fr
Мерьель,fr
Мессаже,fr
Мессиан,fr
Мийо,fr
Монсиньи,fr
Монти,fr
Мориа,fr
Мосс,fr
Муке,fr
Мюрай,fr
Муссон,fr
Тайфер,fr
Таффанель,fr
Тома,fr
Томази,fr
Тортелье,fr
Трентиньян,fr
Триаль,fr
Трюффо,fr
Турнье,fr
Тьерсен,fr
Дане,fr
Дебюсси,fr
Деко,fr
Делаж,fr
Делоне,fr
Дельмас,fr
Демаре,fr
Денёв,fr
Депардье,fr
Дефоссе,fr
Дьёдонне,fr
Дюбуа,fr
Дюваль,fr
Дюкре,fr
Дюмаж,fr
Дюпре,fr
Дюплесси,fr
Базен,fr
Байо,fr
Бастьен,fr
Бейль,fr
Бенар,fr
Бенуа,fr
Бертлен,fr
Бланкар,fr
Боннар,fr
Бонье,fr
Боссэ,fr
Бош,fr
Бошан,fr
Броссар,fr
Буаселье,fr
Буланже,fr
Бюжо,fr
Адамс,en
Аддисон,en
Айситт,en
Андерсон,en
Ансворт,en
Ансуорт,en
Ардерн,en
Аслин,en
Ашфорд,en
Байден,en
Бан,en
Баркли,en
Барнс,en
Басс,en
Белл,en
Белтон,en
Беннет,en
Бёрнс,en
Берри,en
Бёртон,en
Блу,en
Блэк,en
Блю,en
Богун,en
Болдуин,en
Бом,en
Бонд,en
Бонем,en
Борден,en
Боуи,en
Браун,en
Бридлав,en
Брэдли,en
Буш,en
Бьюкенен,en
Бэнкс,en
Ватсон,en
Вашингтон,en
Вилсэк,en
Вильсон,en
Вуд,en
Вудворд,en
Вудро,en
Вудс,en
Вульф,en
Даллас,en
Даллес,en
Дарвин,en
Дарт,en
Девоншир,en
Дейли,en
Дениз,en
Депп,en
Дефо,en
Каррик,en
Картер,en
Картрайт,en
Кейган,en
Кейдж,en
Кейси,en
Келли,en
Кеннан,en
Кенни,en
Кессел,en
Кинг,en
Кингсли,en
Китченер,en
Кларк,en
Клей,en
Клинтон,en
Клуни,en
Колдуэлл,en
Корнуэлл,en
Коул,en
Крис,en
Кристиан,en
Кристофер,en
Кросман,en
Кроули,en
Круз,en
Кубрик,en
Кулидж,en
Джадд,en
Джей,en
Джейкоб,en
Джейкобс,en
Джексон,en
Дженнер,en
Джиллетт,en
Джинс,en
Джонс,en
Джонсон,en
Дидион,en
Диккенс,en
Диксон,en
Дрейк,en
Дрю,en
Дуэйн,en
Дью,en
Дэйли,en
Малкольм,en
Малькольм,en
Маршалл,en
Мелоди,en
Мерсер,en
Милнер,en
Мирз,en
Моррисон,en
Мосс,en
Мотт,en
Моэм,en
Мурман,en
Мэдисон,en
Мэй,en
Мэллори,en
Мэнни,en
Мэннинг,en
Найтли,en
Николсон,en
Нотли,en
Ньюман,en
Остин,en
Палмер,en
Пальмерстон,en
Парсонс,en
Пауэр,en
Пауэрс,en
Пикфорд,en
Пиннер,en
Пирс,en
Пис,en
Питерс,en
Питт,en
Пол,en
Портман,en
Поттер,en
Прайор,en
Пратт,en
Пресли,en
Принс,en
Прэтт,en
Райан,en
Рамзай,en
Рамзей,en
Рамзи,en
Рамсей,en
Рандолф,en
Редгрейв,en
Реднапп,en
Рейган,en
Рейнольдс,en
Рейси,en
Рендольф,en
Ривз,en
Рид,en
Риди,en
Риз,en
Ричи,en
Робинсон,en
Роуз,en
Руни,en
Рэмзи,en
Рэмплинг,en
Рэмсей,en
Рэндолф,en
Рэндольф,en
Салли,en
Салливан,en
Саутгейт,en
Свифт,en
Свон,en
Сешнс,en
Сили,en
Симмонс,en
Симпсон,en
Смарт,en
Смит,en
Снайпс,en
Сноу,en
Сноуден,en
Спирс,en
Старридж,en
Стейси,en
Стёрджесс,en
Стерлинг,en
Стивенс,en
Стивенсон,en
Стил,en
Стокс,en
Стонтон,en
Стэнфорд,en
Суинтон,en
Сэндс,en
Теккерей,en
Темплтон,en
Теффт,en
Томпсон,en
Трамп,en
Трасс,en
Трумэн,en
Трэвис,en
Тьюринг,en
Уайт,en
Уилсон,en
Уильямс,en
Уинкс,en
Уокер,en
Уолкотт,en
Уоллес,en
Уолш,en
Уотсон,en
Уотфорд,en
Ушер,en
Уэйд,en
Уэлбек,en
Уэллс,en
Уэлсли,en
Уэсли,en
Уэст,en
Фадж,en
Финкли,en
Фицджеральд,en
Фишер,en
Флойд,en
Фокс,en
Форбс,en
Форт,en
Фостер,en
Франкланд,en
Фриланд,en
Фэллон,en
Хант,en
Хантсман,en
Харден,en
Харольд,en
Харпер,en
Хейвуд,en
Хемсворт,en
Херд,en
Хёрд,en
Херсли,en
Хефнер,en
Хибберт,en
Хиггинс,en
Хиллиард,en
Хилтон,en
Хичкок,en
Хобби,en
Ходжсон,en
Холли,en
Холмс,en
Хопкинс,en
Хорн,en
Хоу,en
Хэтуэй,en
Хэтч,en
Хэтэуэй,en
Чаплин,en
Чейн,en
Чейни,en
Черч,en
Чёрч,en
Шарп,en
Шеннон,en
Шин,en
Ширер,en
Ширли,en
Шорт,en
Шпет,en
Эванс,en
Эйр,en
Экклстоун,en
Элвуд,en
Эллардайс,en
Эллисон,en
Элмсли,en
Энн,en
Эшли,en
Эштон,en
Юнес,en
Абико,jp
Абэ,jp
Авадзи,jp
Агава,jp
Агеда,jp
Айдзав,jp
Айсава,jp
Айкава,jp
Акамацу,jp
Акияма,jp
Акутагава,jp
Андо,jp
Аоки,jp
Араи,jp
Аракава,jp
Араки,jp
Ариёси,jp
Асакура,jp
Асано,jp
Асаяма,jp
Асихара,jp
Асо,jp
Ахане,jp
Ацуми,jp
Баба,jp
Банд,jp
Бусид,jp
Бэцумия,jp
Вада,jp
Вакаиро,jp
Ватабэ,jp
Ватанабэ,jp
Ватари,jp
Гат,jp
Года,jp
Гото,jp
Гушике,jp
Гэндз,jp
Дайг,jp
Датэ,jp
Егуч,jp
Ёкота,jp
Ёкояма,jp
Ёнэмото,jp
Ёсида,jp
Ёсикава,jp
Ёсимото,jp
Ёсимура,jp
Ёсиока,jp
Ивамото,jp
Ивасаки,jp
Ивата,jp
Игараси,jp
Иендо,jp
Иида,jp
Икаава,jp
Икеда,jp
Икута,jp
Икэда,jp
Имад,jp
Имаи,jp
Имамура,jp
Ин,jp
Иноу,jp
Иноэ,jp
Ину,jp
Ин,jp
Исибаси,jp
Исида,jp
Исии,jp
Исикава,jp
Исихара,jp
Исодзак,jp
Итидзё,jp
Итикава,jp
Ито,jp
Ито,jp
Ишизак,jp
Кавагути,jp
Каваками,jp
Кавамура,jp
Кавасаки,jp
Кагав,jp
Кагияма,jp
Кадон,jp
Какута,jp
Какутан,jp
Камад,jp
Камата,jp
Каме,jp
Камид,jp
Камимура,jp
Камиям,jp
Камэда,jp
Камэи,jp
Кан,jp
Канэда,jp
Канэко,jp
Канэхара,jp
Каса,jp
Кас,jp
Катаяма,jp
Като,jp
Кацур,jp
Киб,jp
Кидо,jp
Киёмидзу,jp
Кикути,jp
Кикуч,jp
Кимура,jp
Киносита,jp
Кирисима,jp
Кит,jp
Китадзава,jp
Китамура,jp
Китано,jp
Кихара,jp
Кихира,jp
Кобаяс,jp
Кобаяши,jp
Кодзим,jp
Одзима,jp
Коикэ,jp
Кокав,jp
Комацу,jp
Комацубара,jp
Комур,jp
Кондо,jp
Кониси,jp
Коно,jp
Коноэ,jp
Косуносэ,jp
Котани,jp
Коям,jp
Ояма,jp
Кубо,jp
Кубота,jp
Кувасима,jp
Куд,jp
Кудо,jp
Кумагаи,jp
Куморо,jp
Кун,jp
Курихара,jp
Курода,jp
Куроки,jp
Куросава,jp
Макин,jp
Мамура,jp
Маруяма,jp
Масуда,jp
Матид,jp
Мацубара,jp
Мацуда,jp
Мацуи,jp
Мацумото,jp
Мацумура,jp
Мацуо,jp
Мацуока,jp
Мацусита,jp
Мацуура,jp
Мацухас,jp
Мацухаши,jp
Мачид,jp
Маэда,jp
Маэкав,jp
Мидзуки,jp
Мидзуно,jp
Мидзусима,jp
Мидзута,jp
Мидорикава,jp
Миками,jp
Минами,jp
Минэгиси,jp
Миура,jp
Мифунэ,jp
Миябэ,jp
Миядзак,jp
Миясаки,jp
Миякэ,jp
Миямото,jp
Мията,jp
Мияхара,jp
Мори,jp
Моримото,jp
Моримура,jp
Морита,jp
Мотидзуки,jp
Мукаи,jp
Мураками,jp
Мурамото,jp
Мурата,jp
Мураям,jp
Муто,jp
Нагаи,jp
Нагасав,jp
Нагасима,jp
Нагата,jp
Наито,jp
Накагава,jp
Накад,jp
Накадзим,jp
Накасим,jp
Нака,jp
Накамура,jp
Наканиси,jp
Накано,jp
Наканэ,jp
Накат,jp
Накада,jp
Накахар,jp
Накаяма,jp
Нандзё,jp
Нарадзаки,jp
Нарита,jp
Ниномаэ,jp
Нисида,jp
Нисикава,jp
Нисимура,jp
Нисияма,jp
Ниши,jp
Ногути,jp
Ногучи,jp
Нода,jp
Нодзава,jp
Номура,jp
Об,jp
Обути,jp
Огава,jp
Огасавара,jp
Огата,jp
Ода,jp
Одзава,jp
Одзаки,jp
Оигава,jp
Оикава,jp
Ока,jp
Окава,jp
Окада,jp
Окадзаки,jp
Окамото,jp
Окубо,jp
Окумура,jp
Окухара,jp
Омор,jp
Оно,jp
Оно,jp
Оноки,jp
Оойси,jp
Оокубо,jp
Оомори,jp
Оониси,jp
Ооно,jp
Оосава,jp
Оосима,jp
Оота,jp
Оотани,jp
Оохаси,jp
Ооцука,jp
Осако,jp
Отак,jp
Отомо,jp
Охар,jp
Охаяси,jp
Охт,jp
Ота,jp
Оцука,jp
О,jp
Оям,jp
Савада,jp
Саито,jp
Саито,jp
Сайто,jp
Сакаи,jp
Сакакибара,jp
Сакакур,jp
Сакамото,jp
Саката,jp
Сакума,jp
Сакураи,jp
Сано,jp
Сасаки,jp
Сато,jp
Сибата,jp
Симада,jp
Симидзу,jp
Синохара,jp
Синтани,jp
Сиодзава,jp
Сираиси,jp
Сиракава,jp
Сиратор,jp
Сисим,jp
Со,jp
Со,jp
Сугавар,jp
Сугахара,jp
Сугимото,jp
Сугияма,jp
Судзуки,jp
Сузуки,jp
Суто/Судо,jp
Сэки,jp
Сэкия,jp
Сэма,jp
Тагав,jp
Тагути,jp
Такаг,jp
Такаки,jp
Такад,jp
Таката,jp
Такакура,jp
Такаминэ,jp
Такамото,jp
Такамура,jp
Такано,jp
Такасак,jp
Такахаси,jp
Така,jp
Такаяма,jp
Такед,jp
Такэда,jp
Такеучи,jp
Такимот,jp
Такэмия,jp
Такэмото,jp
Такэути,jp
Тамура,jp
Танабэ,jp
Танака,jp
Танигава,jp
Танигути,jp
Татибана,jp
Татимот,jp
Тё,jp
Тиба,jp
Тоёт,jp
Тоёда,jp
Тойота,jp
Токита,jp
Томабэти,jp
Томита,jp
Тосака,jp
Усидзима,jp
Утида,jp
Утимура,jp
Утияма,jp
Учид,jp
Утида,jp
Уэд,jp
Уэт,jp
Уеда,jp
Уэмац,jp
Уэмура,jp
Уэно,jp
Фудзи,jp
Фудзивар,jp
Фудзихара,jp
Фудзии,jp
Фудзик,jp
Фудзимото,jp
Фудзисава,jp
Фудзита,jp
Фукуда,jp
Фукуи,jp
Фукумото,jp
Фукусима,jp
Фукуяма,jp
Фунъя-н,jp
Фурукава,jp
Фуру,jp
Хаб,jp
Хаг,jp
Хагивара,jp
Хагин,jp
Хад,jp
Хакамада,jp
Хак,jp
Хамада,jp
Ханд,jp
Хара,jp
Харада,jp
Харук,jp
Хасимото,jp
Хасэгава,jp
Хата,jp
Хаттори,jp
Хашимот,jp
Хасимото,jp
Хаякава,jp
Хаями,jp
Хаяси,jp
Хигаси,jp
Хигасиям,jp
Хигути,jp
Хидак,jp
Хино,jp
Хираи,jp
Хирано,jp
Хирата,jp
Хиросэ,jp
Ходзё,jp
Ходзуми,jp
Хомма,jp
Хонда,jp
Хори,jp
Хории,jp
Хорикава,jp
Хоси,jp
Хосино,jp
Хосоно,jp
Цубак,jp
Цубурая,jp
Цудзии,jp
Цуруг,jp
Цутия,jp
Чиб,jp
Тиба,jp
Чикафудз,jp
Чине,jp
Чисак,jp
Шибата,jp
Шимад,jp
Симада,jp
Эбихара,jp
Эджир,jp
Эмот,jp
Эндо,jp
Эномот,jp
Ю,jp
Юмак,jp
Юса,jp
Юяма,jp
Ягами,jp
Ямагути,jp
Ямада,jp
Ямадзак,jp
Ямасаки,jp
Ямаки,jp
Ямамото,jp
Ямамур,jp
Яманака,jp
Яманэ,jp
Ямасаки,jp
Ямасита,jp
Ямаути,jp
Янагида,jp
Янагидзава,jp
Яно,jp
Ясуда,jp
Ятабэ,jp
Яэгаси,jp
Ань,cn
Ба,cn
Бань,cn
Бай,cn
Би,cn
Бин,cn
Бо,cn
Бу,cn
Бэнь,cn
Бянь,cn
Ван,cn
Вань,cn
Вэй,cn
Вэн,cn
Вэнь,cn
Гань,cn
Гао,cn
Го,cn
Гоу,cn
Гу,cn
Гуан,cn
Гуань,cn
Гуй,cn
Гун,cn
Гэ,cn
Гэн,cn
Да,cn
Дай,cn
Дан,cn
Ди,cn
Дин,cn
Ду,cn
Дуань,cn
Дун,cn
Дэн,cn
Дяо,cn
Е,cn
Жань,cn
Жао,cn
Жу,cn
Жуй,cn
Жун,cn
Жэнь,cn
И,cn
Инь,cn
Кан,cn
Куаг,cn
Куй,cn
Кун,cn
Кэ,cn
Лай,cn
Лан,cn
Лань,cn
Лао,cn
Ли,cn
Лин,cn
Линху,cn
Линь,cn
Ло,cn
Лоу,cn
Лу,cn
Луань,cn
Лун,cn
Лэй,cn
Лю,cn
Люй,cn
Лян,cn
Ляо,cn
Ма,cn
Мань,cn
Мао,cn
Мин,cn
Мо,cn
Моу,cn
Му,cn
Мэй,cn
Мэн,cn
Най,cn
Не,cn
Ни,cn
Нин,cn
Ну,cn
Нун,cn
Ню,cn
Нянь,cn
Оу,cn
Пан,cn
Пань,cn
Пи,cn
Пу,cn
Пэй,cn
Пэн,cn
Сан,cn
Се,cn
Симэнь,cn
Син,cn
Синь,cn
Со,cn
Су,cn
Сун,cn
Сунь,cn
Сюань,cn
Сюй,cn
Сюн,cn
Сюэ,cn
Ся,cn
Сян,cn
Сянь,cn
Сяо,cn
Тай,cn
Тан,cn
Тань,cn
Тао,cn
Тоу,cn
Ту,cn
Тянь,cn
У,cn
Фа,cn
Фан,cn
Фань,cn
Фу,cn
Фэн,cn
Хань,cn
Хао,cn
Хоу,cn
Ху,cn
Хуа,cn
Хуай,cn
Хуан,cn
Хуань,cn
Хун,cn
Хэ,cn
Цай,cn
Цан,cn
Цао,cn
Цзай,cn
Цзан,cn
Цзань,cn
Цзи,cn
Цзин,cn
Цзинь,cn
Цзо,cn
Цзу,cn
Цзоу,cn
Цзун,cn
Цзэн,cn
Цзя,cn
Цзян,cn
Цзяо,cn
Ци,cn
Цинь,cn
Цуй,cn
Цун,cn
Цю,cn
Цюань,cn
Цюй,cn
Цюэ,cn
Цян,cn
Цянь,cn
Цяо,cn
Чао,cn
Чан,cn
Чжай,cn
Чжан,cn
Чжао,cn
Чжи,cn
Чжоу,cn
Чжу,cn
Чжуан,cn
Чжун,cn
Чжэн,cn
Чжэнь,cn
Чэ,cn
Чэн,cn
Чэнь,cn
Шань,cn
Шао,cn
Ши,cn
Шоу,cn
Шу,cn
Шэн,cn
Шэнь,cn
Э,cn
Юань,cn
Юй,cn
Юн,cn
Юэ,cn
Ян,cn
Янь,cn
Яо,cn
Абдергальден,de
Аденауэр,de
Айдингер,de
Айфельд,de
Альт,de
Альцгеймер,de
Андер,de
Асмус,de
Бах,de
Безлер,de
Беккер,de
Бербок,de
Бергман,de
Беринг,de
Бернхард,de
Бернштейн,de
Бертольд,de
Бетховен,de
Бисмарк,de
Богер,de
Борман,de
Брандт,de
Браун,de
Брехт,de
Бунге,de
Бусс,de
Бюрки,de
Вагнер,de
Вайнштейн,de
Вайцзеккер,de
Вальтер,de
Вассерман,de
Вейсман,de
Вернер,de
Видеман,de
Вильгельм,de
Вистингаузен,de
Витте,de
Виц,de
Врангель,de
Вульф,de
Гайзер,de
Гартунг,de
Гаук,de
Геббельс,de
Гегель,de
Гёдель,de
Гейзенберг,de
Гелен,de
Гервальд,de
Геринг,de
Герцог,de
Гесс,de
Гессен,de
Гёте,de
Гёттинг,de
Гётце,de
Гинденбург,de
Гитлер,de
Глюк,de
Готлиб,de
Готтлиб,de
Гофман,de
Грау,de
Грейзер,de
Гренц,de
Грос,de
Гротеволь,de
Гутенберг,de
Дальмайер,de
Дельбрюк,de
Дёниц,de
Депп,de
Дикман,de
Диркшнайдер,de
Дитерихс,de
Дитрих,de
Доллбаум,de
Доплер,de
Зайберт,de
Зеехофер,de
Зеппельт,de
Зиверт,de
Зингер,de
Зиндерман,de
Зорге,de
Зюле,de
Йемлих,de
Каль,de
Кальтенбруннер,de
Кант,de
Кариус,de
Карстенс,de
Кауфман,de
Кёлер,de
Келлер,de
Кестнер,de
Кизингер,de
Киснер,de
Кларсфельд,de
Кнапп,de
Коль,de
Костнер,de
Кох,de
Коц,de
Краузе,de
Крейцер,de
Кресс,de
Крис,de
Кропп,de
Крупп,de
Крюгер,de
Кун,de
Ланг,de
Лев,de
Левенштейн,de
Леммель,de
Либкнехт,de
Линднер,de
Лист,de
Лихтштайнер,de
Лоренц,de
Любке,de
Люксембург,de
Ляйен,de
Маас,de
Майер,de
Майстер,de
Малойда,de
Манн,de
Марик,de
Маркс,de
Мёбиус,de
Мейерхольд,de
Мейстер,de
Меркель,de
Миних,de
Модров,de
Моор,de
Моцарт,de
Мурман,de
Мюллер,de
Мюнних,de
Мюэ,de
Небел,de
Ницше,de
Остерман,de
Паль,de
Пауль,de
Паулюс,de
Пауэр,de
Петерман,de
Пик,de
Пиннер,de
Пихлер,de
Планк,de
Познер,de
Райнер,de
Райх,de
Рау,de
Раупах,de
Редер,de
Рёдер,de
Рейнеке,de
Рейтерн,de
Риббентроп,de
Розенберг,de
Розенфельд,de
Рудольф,de
Румменингге,de
Рунге,de
Руст,de
Стейниц,de
Тельман,de
Турман,de
Тухель,de
Ульрайх,de
Ульрих,de
Урбан,de
Фарбер,de
Фаренгейт,de
Фассбендер,de
Фейнман,de
Фет,de
Фишер,de
Фогель,de
Фок,de
Фрейд,de
Хабек,de
Хайдеггер,de
Хайдер,de
Хайнеман,de
Хайнеманн,de
Хайнц,de
Ханеке,de
Херцог,de
Хитлер,de
Хойс,de
Хонеккер,de
Хорн,de
Хубер,de
Хумпердинк,de
Цеткин,de
Циммерман,de
Цукерторт,de
Шваб,de
Швайнштайгер,de
Шванн,de
Шварц,de
Шварценеггер,de
Шеель,de
Шеринг,de
Шефер,de
Шикльгрубер,de
Шиллер,de
Шиффер,de
Шлиман,de
Шлосберг,de
Шмидт,de
Шнайдер,de
Шнейдер,de
Шойбле,de
Шольц,de
Шопенгауэр,de
Шпеер,de
Шпет,de
Шрайбер,de
Шрёдер,de
Шрёдингер,de
Штайнмайер,de
Штауффенберг,de
Штефан,de
Штеффен,de
Штоппер,de
Штоф,de
Штраус,de
Штрейхер,de
Штрёсснер,de
Штюрмер,de
Шуберт,de
Шульц,de
Шумахер,de
Эберт,de
Эгер,de
Эдельман,de
Эйзенштейн,de
Эйнштейн,de
Эйслер,de
Энгельс,de
Эрхард,de
Ян,de
Агилера,es
Агирре,es
Агуэро,es
Адурис,es
Альбиоль,es
Альва,es
Альварадо,es
Альегро,es
Альенде,es
Альмодовар,es
Андраде,es
Арана,es
Араос,es
Арбенс,es
Армас,es
Арройо,es
Арруга,es
Бандера,es
Бандерас,es
Батиста,es
Бермудес,es
Бесерра,es
Бланко,es
Боливар,es
Болуарте,es
Борхес,es
Бургос,es
Варгас,es
Веласкес,es
Веласко,es
Видела,es
Виктория,es
Вилья,es
Вильянуэва,es
Вискарра,es
Гарсиа,es
Гарсия,es
Герреро,es
Гойя,es
Гомес,es
Гонсалес,es
Граупера,es
Диас,es
Домингес,es
Дорадо,es
Дортикос,es
Дуарте,es
Дуке,es
Ибаньес,es
Иглесиас,es
Идальго,es
Кабельо,es
Кальво,es
Кальдера,es
Кальдерон,es
Кане,es
Капабланка,es
Карвальо,es
Кардона,es
Кармона,es
Карраскилья,es
Каррера,es
Касилья,es
Касильяс,es
Кастильо,es
Кастро,es
Кесада,es
Корелла,es
Кортес,es
Крус,es
Куадрадо,es
Лопес,es
Лорка,es
Мадуро,es
Майоркас,es
Мальдонадо,es
Маркес,es
Маркос,es
Марреро,es
Марти,es
Матео,es
Мауретте,es
Мачадо,es
Медина,es
Медрано,es
Менокаль,es
Мола,es
Молина,es
Моралес,es
Морос,es
Муньос,es
Мурильо,es
Наварро,es
Навас,es
Ньето,es
Обрадор,es
Овьедо,es
Окасио,es
Орейро,es
Ортега,es
Ортис,es
Осорио,es
Паласио,es
Пальма,es
Пас,es
Пенья,es
Перес,es
Перон,es
Пиночет,es
Рахой,es
Ривера,es
Рико,es
Робредо,es
Рока,es
Сааведра,es
Сальдивар,es
Сальседо,es
Сан-Мартин,es
Сантана,es
Санчес,es
Сапата,es
Сапатеро,es
Себальос,es
Сегарра,es
Сервантес,es
Сеспедес,es
Сотело,es
Суарес,es
Тебас,es
Торквемада,es
Торрадо,es
Торрихос,es
Тортахада,es
Трухильо,es
Фабрегас,es
Фасио,es
Фернандес,es
Флорес,es
Фонсека,es
Франко,es
Фриас,es
Хименес,es
Хуарес,es
Чавес,es
Эвора,es
Эрнандес,es
Эррера,es
Эстрада,es
Абусария,in
Агрэ,in
Айчара,in
Аккинени,in
Алуру,in
Ананд,in
Банерджи,in
Баччан,in
Бахадур,in
Бос,in
Бхатия,in
Бхат,in
Бхаттар,in
Бурман,in
Вайш,in
Валли,in
Ваманкар,in
Варма,in
Ганди,in
Гандхи,in
Гаонкар,in
Готра,in
Гоундер,in
Гоуд,in
Гупта,in
Дев,in
Джайн,in
Джоши,in
Джутхани,in
Дикшит,in
Догра,in
Каматх,in
Карнад,in
Капур,in
Каур,in
Кокради,in
Кулкарни,in
Кумар,in
Лал,in
Мангешкар,in
Марвари,in
Микхопадхяй,in
Мукерджи,in
Нанда,in
Надкарни,in
Найду,in
Неру,in
Пател,in
Патил,in
Пармар,in
Пиллай,in
Пурохит,in
Раджа,in
Рай,in
Рао,in
Рачапалли,in
Редди,in
Сен,in
Сингхал,in
Сингх,in
Синдхи,in
Тагор,in
Твивели,in
Триверди,in
Тхакур,in
Фиродия,in
Чамар,in
Чанд,in
Чаттерджи,in
Чаудхари,in
Чатурведи,in
Чопра,in
Чоудари,in
Шарма,in
Шах,in
Шеной,in
Шетти,in
Шукла,in
